الاسم,الرقم الوظيفي,الدور,الفرع,الحدث,نوع الطلب,رقم الطلب,التاريخ والوقت,IP المستخدم
ندى القحطاني,4040404040,مشرف عام,جميع الفروع,تسجيل دخول,,,2025-07-01 21:00:37,127.0.0.1
ندى القحطاني,4040404040,مشرف عام,جميع الفروع,موافقة المشرف العام,أجر عمل إضافي,2.0,2025-07-01 21:00:41,127.0.0.1
سارة العتيبي,2020202020,مدير,الرياض,تسجيل دخول,,,2025-07-01 22:05:23,127.0.0.1
سارة العتيبي,2020202020,مدير,الرياض,تسجيل دخول,,,2025-07-01 22:06:25,127.0.0.1
سارة العتيبي,2020202020,مدير,الرياض,تسجيل دخول,,,2025-07-01 22:09:17,127.0.0.1
ندى القحطاني,4040404040,مشرف عام,جميع الفروع,تسجيل دخول,,,2025-07-01 22:41:19,127.0.0.1
سارة العتيبي,2020202020,مدير,الرياض,تسجيل دخول,,,2025-07-01 22:49:38,127.0.0.1
علي الزهراني,3030303030,موارد بشرية,جدة,تسجيل دخول,,,2025-07-03 14:41:40,127.0.0.1
علي الزهراني,3030303030,موارد بشرية,جدة,إشعار الموارد بالمباشرة,إجازة,1.0,2025-07-03 14:54:24,127.0.0.1
محمد السالم,1010101010,موظف,الرياض,تسجيل دخول,,,2025-07-03 15:10:30,127.0.0.1
سارة العتيبي,2020202020,مدير,الرياض,تسجيل دخول,,,2025-07-03 15:10:47,127.0.0.1
سارة العتيبي,2020202020,مدير,الرياض,تسجيل دخول,,,2025-07-03 15:18:46,127.0.0.1
علي الزهراني,3030303030,موارد بشرية,جدة,تسجيل دخول,,,2025-07-03 15:19:49,127.0.0.1
سارة العتيبي,2020202020,مدير,الرياض,تسجيل دخول,,,2025-07-03 15:20:04,127.0.0.1
ندى القحطاني,4040404040,مشرف عام,جميع الفروع,تسجيل دخول,,,2025-07-03 15:21:35,127.0.0.1
سارة العتيبي,2020202020,مدير,الرياض,تسجيل دخول,,,2025-07-03 15:21:49,127.0.0.1
ندى القحطاني,4040404040,مشرف عام,جميع الفروع,تسجيل دخول,,,2025-07-03 15:22:01,127.0.0.1
سارة العتيبي,2020202020,مدير,الرياض,تسجيل دخول,,,2025-07-03 15:22:10,127.0.0.1
محمد السالم,1010101010,موظف,الرياض,تسجيل دخول,,,2025-07-03 15:33:36,127.0.0.1
سارة العتيبي,2020202020,مدير,الرياض,تسجيل دخول,,,2025-07-03 15:33:44,127.0.0.1
علي الزهراني,3030303030,موارد بشرية,جدة,تسجيل دخول,,,2025-07-03 15:34:26,127.0.0.1
سارة العتيبي,2020202020,مدير,الرياض,تسجيل دخول,,,2025-07-03 15:35:04,127.0.0.1
علي الزهراني,3030303030,موارد بشرية,جدة,تسجيل دخول,,,2025-07-03 15:36:16,127.0.0.1
علي الزهراني,3030303030,موارد بشرية,جدة,إشعار الموارد بالمباشرة,إجازة,17.0,2025-07-03 15:36:21,127.0.0.1
علي الزهراني,3030303030,موارد بشرية,جدة,إشعار الموارد بالمباشرة,إجازة,19.0,2025-07-03 15:36:23,127.0.0.1
ندى القحطاني,4040404040,مشرف عام,جميع الفروع,تسجيل دخول,,,2025-07-04 19:39:36,127.0.0.1
علي الزهراني,3030303030,موارد بشرية,جدة,تسجيل دخول,,,2025-07-04 19:40:50,127.0.0.1
ندى القحطاني,4040404040,مشرف عام,جميع الفروع,تسجيل دخول,,,2025-07-04 19:44:21,127.0.0.1
ندى القحطاني,4040404040,مشرف عام,جميع الفروع,موافقة المشرف العام,أجر عمل إضافي,4.0,2025-07-04 19:50:30,127.0.0.1
ندى القحطاني,4040404040,مشرف عام,جميع الفروع,موافقة المشرف العام,أجر عمل إضافي,4.0,2025-07-04 19:50:41,127.0.0.1
سارة العتيبي,2020202020,مدير,الرياض,تسجيل دخول,,,2025-07-04 23:12:51,127.0.0.1
علي الزهراني,3030303030,موارد بشرية,جدة,تسجيل دخول,,,2025-07-04 23:13:33,127.0.0.1
ندى القحطاني,4040404040,مشرف عام,جميع الفروع,تسجيل دخول,,,2025-07-04 23:13:53,127.0.0.1
ندى القحطاني,4040404040,مشرف عام,جميع الفروع,موافقة المشرف العام,إجازة,16.0,2025-07-04 23:16:23,127.0.0.1
سارة العتيبي,2020202020,مدير,الرياض,تسجيل دخول,,,2025-07-04 23:21:55,127.0.0.1
ندى القحطاني,4040404040,مشرف عام,جميع الفروع,تسجيل دخول,,,2025-07-04 23:25:07,127.0.0.1
ندى القحطاني,4040404040,مشرف عام,جميع الفروع,تسجيل دخول,,,2025-07-04 23:27:03,127.0.0.1
ندى القحطاني,4040404040,مشرف عام,جميع الفروع,موافقة المشرف العام,إجازة,0.0,2025-07-04 23:27:10,127.0.0.1
ندى القحطاني,4040404040,مشرف عام,جميع الفروع,تسجيل دخول,,,2025-07-04 23:38:07,127.0.0.1
ندى القحطاني,4040404040,مشرف عام,جميع الفروع,موافقة المشرف العام,إجازة,0.0,2025-07-04 23:39:39,127.0.0.1
ندى القحطاني,4040404040,مشرف عام,جميع الفروع,موافقة المشرف العام,استئذان,9.0,2025-07-04 23:39:52,127.0.0.1
علي الزهراني,3030303030,موارد بشرية,جدة,تسجيل دخول,,,2025-07-04 23:40:07,127.0.0.1
ندى القحطاني,4040404040,مشرف عام,جميع الفروع,تسجيل دخول,,,2025-07-04 23:40:18,127.0.0.1
سارة العتيبي,2020202020,مدير,الرياض,تسجيل دخول,,,2025-07-04 23:40:36,127.0.0.1
سارة العتيبي,2020202020,مدير,الرياض,تسجيل دخول,,,2025-07-04 23:40:56,127.0.0.1
ندى القحطاني,4040404040,مشرف عام,جميع الفروع,تسجيل دخول,,,2025-07-04 23:41:02,127.0.0.1
علي الزهراني,3030303030,موارد بشرية,جدة,تسجيل دخول,,,2025-07-04 23:47:00,127.0.0.1
ندى القحطاني,4040404040,مشرف عام,جميع الفروع,تسجيل دخول,,,2025-07-04 23:47:24,127.0.0.1
ندى القحطاني,4040404040,مشرف عام,جميع الفروع,تسجيل دخول,,,2025-07-05 00:03:34,127.0.0.1
سارة العتيبي,2020202020,مدير,الرياض,تسجيل دخول,,,2025-07-05 00:11:14,127.0.0.1
علي الزهراني,3030303030,موارد بشرية,جدة,تسجيل دخول,,,2025-07-05 00:11:37,127.0.0.1
ندى القحطاني,4040404040,مشرف عام,جميع الفروع,تسجيل دخول,,,2025-07-05 00:11:46,127.0.0.1
سارة العتيبي,2020202020,مدير,الرياض,تسجيل دخول,,,2025-07-05 00:26:08,127.0.0.1
ندى القحطاني,4040404040,مشرف عام,جميع الفروع,تسجيل دخول,,,2025-07-05 00:26:28,127.0.0.1
ندى القحطاني,4040404040,مشرف عام,جميع الفروع,موافقة المشرف العام,إجازة,20.0,2025-07-05 00:26:36,127.0.0.1
سارة العتيبي,2020202020,مدير,الرياض,تسجيل دخول,,,2025-07-05 09:36:35,127.0.0.1
علي الزهراني,3030303030,موارد بشرية,جدة,تسجيل دخول,,,2025-07-05 10:15:14,127.0.0.1
سارة العتيبي,2020202020,مدير,الرياض,تسجيل دخول,,,2025-07-05 10:15:26,127.0.0.1
علي الزهراني,3030303030,موارد بشرية,جدة,تسجيل دخول,,,2025-07-05 10:16:28,127.0.0.1
ندى القحطاني,4040404040,مشرف عام,جميع الفروع,تسجيل دخول,,,2025-07-05 10:16:39,127.0.0.1
ندى القحطاني,4040404040,مشرف عام,جميع الفروع,تسجيل دخول,,,2025-07-05 10:16:50,127.0.0.1
سارة العتيبي,2020202020,مدير,الرياض,تسجيل دخول,,,2025-07-05 10:25:16,127.0.0.1
ندى القحطاني,4040404040,مشرف عام,جميع الفروع,تسجيل دخول,,,2025-07-05 10:25:47,127.0.0.1
ندى القحطاني,4040404040,مشرف عام,جميع الفروع,موافقة المشرف العام,إجازة,20.0,2025-07-05 10:25:52,127.0.0.1
سارة العتيبي,2020202020,مدير,الرياض,تسجيل دخول,,,2025-07-05 10:44:00,127.0.0.1
علي الزهراني,3030303030,موارد بشرية,جدة,تسجيل دخول,,,2025-07-05 10:45:27,127.0.0.1
سارة العتيبي,2020202020,مدير,الرياض,تسجيل دخول,,,2025-07-05 10:51:50,127.0.0.1
علي الزهراني,3030303030,موارد بشرية,جدة,تسجيل دخول,,,2025-07-05 11:07:21,127.0.0.1
سارة العتيبي,2020202020,مدير,الرياض,تسجيل دخول,,,2025-07-05 11:07:36,127.0.0.1
ندى القحطاني,4040404040,مشرف عام,جميع الفروع,تسجيل دخول,,,2025-07-05 11:07:50,127.0.0.1
سارة العتيبي,2020202020,مدير,الرياض,تسجيل دخول,,,2025-07-05 15:56:20,127.0.0.1
محمد السالم,1010101010,موظف,الرياض,تسجيل دخول,,,2025-07-05 15:59:53,127.0.0.1
سارة العتيبي,2020202020,مدير,الرياض,تسجيل دخول,,,2025-07-05 16:04:29,127.0.0.1
سارة العتيبي,2020202020,مدير,الرياض,تسجيل دخول,,,2025-07-05 16:25:20,127.0.0.1
ندى القحطاني,4040404040,مشرف عام,جميع الفروع,تسجيل دخول,,,2025-07-05 16:32:01,127.0.0.1
سارة العتيبي,2020202020,مدير,الرياض,تسجيل دخول,,,2025-07-05 16:32:43,127.0.0.1
محمد السالم,1010101010,موظف,الرياض,تسجيل دخول,,,2025-07-05 21:49:50,127.0.0.1
سارة العتيبي,2020202020,مدير,الرياض,تسجيل دخول,,,2025-07-05 21:51:09,127.0.0.1
علي الزهراني,3030303030,موارد بشرية,جدة,تسجيل دخول,,,2025-07-05 21:52:59,127.0.0.1
سارة العتيبي,2020202020,مدير,الرياض,تسجيل دخول,,,2025-07-05 21:53:37,127.0.0.1
علي الزهراني,3030303030,موارد بشرية,جدة,تسجيل دخول,,,2025-07-05 21:54:32,127.0.0.1
علي الزهراني,3030303030,موارد بشرية,جدة,إشعار الموارد بالمباشرة,إجازة,24.0,2025-07-05 21:54:49,127.0.0.1
سارة العتيبي,2020202020,مدير,الرياض,تسجيل دخول,,,2025-07-05 21:56:15,127.0.0.1
ندى القحطاني,4040404040,مشرف عام,جميع الفروع,تسجيل دخول,,,2025-07-05 21:56:56,127.0.0.1
سارة العتيبي,2020202020,مدير,الرياض,تسجيل دخول,,,2025-07-05 21:59:38,127.0.0.1
علي الزهراني,3030303030,موارد بشرية,جدة,تسجيل دخول,,,2025-07-05 22:00:51,127.0.0.1
سارة العتيبي,2020202020,مدير,الرياض,تسجيل دخول,,,2025-07-05 22:03:41,127.0.0.1
علي الزهراني,3030303030,موارد بشرية,جدة,تسجيل دخول,,,2025-07-05 22:04:11,127.0.0.1
ندى القحطاني,4040404040,مشرف عام,جميع الفروع,تسجيل دخول,,,2025-07-05 22:06:34,127.0.0.1
ندى القحطاني,4040404040,مشرف عام,جميع الفروع,تسجيل دخول,,,2025-07-07 10:26:49,127.0.0.1
محمد السالم,1010101010,موظف,الرياض,تسجيل دخول,,,2025-07-07 21:43:57,127.0.0.1
عمار العامري,550505500,موظف,صامطه,تسجيل دخول,,,2025-07-07 21:44:51,127.0.0.1
عمار العامري,550505500,موظف,صامطه,تسجيل دخول,,,2025-07-07 21:47:13,127.0.0.1
ندى القحطاني,4040404040,مشرف عام,جميع الفروع,تسجيل دخول,,,2025-07-07 21:47:59,127.0.0.1
محمد السالم,1010101010,موظف,الرياض,تسجيل دخول,,,2025-07-07 21:48:05,127.0.0.1
عمار العامري,550505500,موظف,صامطه,تسجيل دخول,,,2025-07-07 21:48:11,127.0.0.1
سارة العتيبي,2020202020,مدير,الرياض,تسجيل دخول,,,2025-07-07 22:34:31,127.0.0.1
سارة العتيبي,2020202020,مدير,الرياض,تسجيل دخول,,,2025-07-07 22:35:03,127.0.0.1
سارة العتيبي,2020202020,مدير,الرياض,تسجيل دخول,,,2025-07-07 22:35:45,127.0.0.1
سارة العتيبي,2020202020,مدير,الرياض,تسجيل دخول,,,2025-07-07 22:46:15,127.0.0.1
محمد السالم,1010101010,موظف,الرياض,تسجيل دخول,,,2025-07-07 22:46:41,127.0.0.1
عمار العامري,550505500,موظف,صامطه,تسجيل دخول,,,2025-07-07 22:46:57,127.0.0.1
محمد السالم,1010101010,موظف,الرياض,تسجيل دخول,,,2025-07-07 22:47:22,127.0.0.1
محمد السالم,1010101010,موظف,الرياض,تسجيل دخول,,,2025-07-07 22:48:10,127.0.0.1
محمد السالم,1010101010,موظف,الرياض,تسجيل دخول,,,2025-07-07 22:52:29,127.0.0.1
محمد السالم,1010101010,موظف,الرياض,تسجيل دخول,,,2025-07-07 23:07:31,127.0.0.1
عمار العامري,550505500,موظف,صامطه,تسجيل دخول,,,2025-07-07 23:08:28,127.0.0.1
سارة العتيبي,2020202020,مدير,الرياض,تسجيل دخول,,,2025-07-07 23:08:36,127.0.0.1
محمد السالم,1010101010,موظف,الرياض,تسجيل دخول,,,2025-07-07 23:09:01,127.0.0.1
محمد السالم,1010101010,موظف,الرياض,تسجيل دخول,,,2025-07-07 23:18:40,127.0.0.1
سارة العتيبي,2020202020,مدير,الرياض,تسجيل دخول,,,2025-07-07 23:18:47,127.0.0.1
محمد السالم,1010101010,موظف,الرياض,تسجيل دخول,,,2025-07-07 23:19:01,127.0.0.1
سارة العتيبي,2020202020,مدير,الرياض,تسجيل دخول,,,2025-07-07 23:19:08,127.0.0.1
علي الزهراني,3030303030,موارد بشرية,جدة,تسجيل دخول,,,2025-07-07 23:44:19,127.0.0.1
علي الزهراني,3030303030,موارد بشرية,جدة,تسجيل دخول,,,2025-07-07 23:47:09,127.0.0.1
علي الزهراني,3030303030,موارد بشرية,جدة,تسجيل دخول,,,2025-07-07 23:48:05,127.0.0.1
علي الزهراني,3030303030,موارد بشرية,جدة,تسجيل دخول,,,2025-07-07 23:49:16,127.0.0.1
علي الزهراني,3030303030,موارد بشرية,جدة,تسجيل دخول,,,2025-07-07 23:49:47,127.0.0.1
علي الزهراني,3030303030,موارد بشرية,جدة,تسجيل دخول,,,2025-07-07 23:53:08,127.0.0.1
علي الزهراني,3030303030,موارد بشرية,جدة,تسجيل دخول,,,2025-07-07 23:53:15,127.0.0.1
علي الزهراني,3030303030,موارد بشرية,جدة,تسجيل دخول,,,2025-07-07 23:53:44,127.0.0.1
علي الزهراني,3030303030,موارد بشرية,جدة,تسجيل دخول,,,2025-07-08 00:02:05,127.0.0.1
علي الزهراني,3030303030,موارد بشرية,جدة,تسجيل دخول,,,2025-07-08 00:11:31,127.0.0.1
علي الزهراني,3030303030,موارد بشرية,جدة,تسجيل دخول,,,2025-07-08 00:12:52,127.0.0.1
علي الزهراني,3030303030,موارد بشرية,جدة,تسجيل دخول,,,2025-07-08 00:13:59,127.0.0.1
علي الزهراني,3030303030,موارد بشرية,جدة,تسجيل دخول,,,2025-07-08 00:16:25,127.0.0.1
علي الزهراني,3030303030,موارد بشرية,جدة,تسجيل دخول,,,2025-07-08 00:22:11,127.0.0.1
علي الزهراني,3030303030,موارد بشرية,جدة,تسجيل دخول,,,2025-07-08 00:26:06,127.0.0.1
علي الزهراني,3030303030,موارد بشرية,جدة,تسجيل دخول,,,2025-07-08 00:26:35,127.0.0.1
علي الزهراني,3030303030,موارد بشرية,جدة,تسجيل دخول,,,2025-07-08 00:28:43,127.0.0.1
علي الزهراني,3030303030,موارد بشرية,جدة,تسجيل دخول,,,2025-07-08 00:31:24,127.0.0.1
علي الزهراني,3030303030,موارد بشرية,جدة,تسجيل دخول,,,2025-07-08 00:33:05,127.0.0.1
علي الزهراني,3030303030,موارد بشرية,جدة,تسجيل دخول,,,2025-07-08 00:35:54,127.0.0.1
علي الزهراني,3030303030,موارد بشرية,جدة,تسجيل دخول,,,2025-07-08 00:40:57,127.0.0.1
علي الزهراني,3030303030,موارد بشرية,جدة,تسجيل دخول,,,2025-07-08 00:45:20,127.0.0.1
علي الزهراني,3030303030,موارد بشرية,جدة,تسجيل دخول,,,2025-07-08 00:45:30,127.0.0.1
علي الزهراني,3030303030,موارد بشرية,جدة,تسجيل دخول,,,2025-07-08 00:45:33,127.0.0.1
علي الزهراني,3030303030,موارد بشرية,جدة,تسجيل دخول,,,2025-07-08 00:47:06,127.0.0.1
علي الزهراني,3030303030,موارد بشرية,جدة,تسجيل دخول,,,2025-07-08 00:47:10,127.0.0.1
سارة العتيبي,2020202020,مدير,الرياض,تسجيل دخول,,,2025-07-08 00:48:09,127.0.0.1
علي الزهراني,3030303030,موارد بشرية,جدة,تسجيل دخول,,,2025-07-08 00:48:17,127.0.0.1
علي الزهراني,3030303030,موارد بشرية,جدة,تسجيل دخول,,,2025-07-08 00:51:13,127.0.0.1
علي الزهراني,3030303030,موارد بشرية,جدة,تسجيل دخول,,,2025-07-08 00:51:16,127.0.0.1
علي الزهراني,3030303030,موارد بشرية,جدة,تسجيل دخول,,,2025-07-08 00:57:22,127.0.0.1
علي الزهراني,3030303030,موارد بشرية,جدة,تسجيل دخول,,,2025-07-08 00:59:48,127.0.0.1
علي الزهراني,3030303030,موارد بشرية,جدة,تسجيل دخول,,,2025-07-08 01:00:03,127.0.0.1
علي الزهراني,3030303030,موارد بشرية,جدة,تسجيل دخول,,,2025-07-08 01:07:01,127.0.0.1
محمد السالم,1010101010,موظف,الرياض,تسجيل دخول,,,2025-07-08 01:07:05,127.0.0.1
عمار العامري,550505500,موظف,صامطه,تسجيل دخول,,,2025-07-08 01:07:13,127.0.0.1
علي الزهراني,3030303030,موارد بشرية,جدة,تسجيل دخول,,,2025-07-08 01:07:20,127.0.0.1
علي الزهراني,3030303030,موارد بشرية,جدة,تسجيل دخول,,,2025-07-08 01:08:24,127.0.0.1
سارة العتيبي,2020202020,مدير,الرياض,تسجيل دخول,,,2025-07-08 01:08:37,127.0.0.1
علي الزهراني,3030303030,موارد بشرية,جدة,تسجيل دخول,,,2025-07-08 01:08:58,127.0.0.1
علي الزهراني,3030303030,موارد بشرية,جدة,تسجيل دخول,,,2025-07-08 01:12:38,127.0.0.1
علي الزهراني,3030303030,موارد بشرية,جدة,تسجيل دخول,,,2025-07-08 01:12:48,127.0.0.1
علي الزهراني,3030303030,موارد بشرية,جدة,تسجيل دخول,,,2025-07-08 01:17:14,127.0.0.1
علي الزهراني,3030303030,موارد بشرية,جدة,تسجيل دخول,,,2025-07-08 01:25:13,127.0.0.1
علي الزهراني,3030303030,موارد بشرية,جدة,تسجيل دخول,,,2025-07-08 01:32:44,127.0.0.1
محمد السالم,1010101010,موظف,الرياض,تسجيل دخول,,,2025-07-08 01:44:04,127.0.0.1
علي الزهراني,3030303030,موارد بشرية,جدة,تسجيل دخول,,,2025-07-08 01:44:15,127.0.0.1
علي الزهراني,3030303030,موارد بشرية,جدة,تسجيل دخول,,,2025-07-08 01:45:57,127.0.0.1
علي الزهراني,3030303030,موارد بشرية,جدة,تسجيل دخول,,,2025-07-08 01:49:39,127.0.0.1
علي الزهراني,3030303030,موارد بشرية,جدة,تسجيل دخول,,,2025-07-08 01:54:16,127.0.0.1
علي الزهراني,3030303030,موارد بشرية,جدة,تسجيل دخول,,,2025-07-08 01:54:25,127.0.0.1
علي الزهراني,3030303030,موارد بشرية,جدة,تسجيل دخول,,,2025-07-08 01:59:03,127.0.0.1
علي الزهراني,3030303030,موارد بشرية,جدة,تسجيل دخول,,,2025-07-08 01:59:20,127.0.0.1
علي الزهراني,3030303030,موارد بشرية,جدة,تسجيل دخول,,,2025-07-08 02:01:26,127.0.0.1
علي الزهراني,3030303030,موارد بشرية,جدة,تسجيل دخول,,,2025-07-08 02:01:59,127.0.0.1
علي الزهراني,3030303030,موارد بشرية,جدة,تسجيل دخول,,,2025-07-08 02:07:13,127.0.0.1
علي الزهراني,3030303030,موارد بشرية,جدة,تسجيل دخول,,,2025-07-08 02:07:50,127.0.0.1
علي الزهراني,3030303030,موارد بشرية,جدة,تسجيل دخول,,,2025-07-08 02:11:30,127.0.0.1
علي الزهراني,3030303030,موارد بشرية,جدة,تسجيل دخول,,,2025-07-08 02:18:03,127.0.0.1
علي الزهراني,3030303030,موارد بشرية,جدة,تسجيل دخول,,,2025-07-08 13:48:16,127.0.0.1
سارة العتيبي,2020202020,مدير,الرياض,تسجيل دخول,,,2025-07-08 13:48:56,127.0.0.1
سارة العتيبي,2020202020,مدير,الرياض,تسجيل دخول,,,2025-07-08 13:54:54,127.0.0.1
عمار العامري,550505500,موظف,صامطه,تسجيل دخول,,,2025-07-08 13:56:49,127.0.0.1
محمد السالم,1010101010,موظف,الرياض,تسجيل دخول,,,2025-07-08 13:56:59,127.0.0.1
سارة العتيبي,2020202020,مدير,الرياض,تسجيل دخول,,,2025-07-08 13:57:09,127.0.0.1
سارة العتيبي,2020202020,مدير,الرياض,تسجيل دخول,,,2025-07-08 14:04:15,127.0.0.1
سارة العتيبي,2020202020,مدير,الرياض,تسجيل دخول,,,2025-07-08 14:16:21,127.0.0.1
علي الزهراني,3030303030,موارد بشرية,جدة,تسجيل دخول,,,2025-07-08 14:25:23,127.0.0.1
علي الزهراني,3030303030,موارد بشرية,جدة,تسجيل دخول,,,2025-07-08 20:03:24,127.0.0.1
علي الزهراني,3030303030,موارد بشرية,جدة,تسجيل دخول,,,2025-07-08 20:04:07,127.0.0.1
علي الزهراني,3030303030,موارد بشرية,جدة,تسجيل دخول,,,2025-07-08 20:04:45,127.0.0.1
علي الزهراني,3030303030,موارد بشرية,جدة,تسجيل دخول,,,2025-07-08 20:07:33,127.0.0.1
محمد السالم,1010101010,موظف,الرياض,تسجيل دخول,,,2025-07-08 20:17:07,127.0.0.1
ندى القحطاني,4040404040,مشرف عام,جميع الفروع,تسجيل دخول,,,2025-07-08 20:17:15,127.0.0.1
علي الزهراني,3030303030,موارد بشرية,جدة,تسجيل دخول,,,2025-07-08 20:20:40,127.0.0.1
محمد السالم,1010101010,موظف,الرياض,تسجيل دخول,,,2025-07-08 20:20:58,127.0.0.1
محمد السالم,1010101010,موظف,الرياض,تسجيل دخول,,,2025-07-08 20:21:04,127.0.0.1
ندى القحطاني,4040404040,مشرف عام,جميع الفروع,تسجيل دخول,,,2025-07-08 20:21:09,127.0.0.1
علي الزهراني,3030303030,موارد بشرية,جدة,تسجيل دخول,,,2025-07-08 20:21:33,127.0.0.1
ندى القحطاني,4040404040,مشرف عام,جميع الفروع,تسجيل دخول,,,2025-07-08 20:21:49,127.0.0.1
سارة العتيبي,2020202020,مدير,الرياض,تسجيل دخول,,,2025-07-08 20:22:07,127.0.0.1
سارة العتيبي,2020202020,مدير,الرياض,تسجيل دخول,,,2025-07-08 20:27:13,127.0.0.1
علي الزهراني,3030303030,موارد بشرية,جدة,تسجيل دخول,,,2025-07-08 20:45:06,127.0.0.1
سارة العتيبي,2020202020,مدير,الرياض,تسجيل دخول,,,2025-07-08 20:45:16,127.0.0.1
علي الزهراني,3030303030,موارد بشرية,جدة,تسجيل دخول,,,2025-07-08 20:56:45,127.0.0.1
محمد السالم,1010101010,موظف,الرياض,تسجيل دخول,,,2025-07-08 21:36:20,127.0.0.1
محمد السالم,1010101010,موظف,الرياض,تسجيل دخول,,,2025-07-08 21:36:24,127.0.0.1
سارة العتيبي,2020202020,مدير,الرياض,تسجيل دخول,,,2025-07-08 21:36:30,127.0.0.1
محمد السالم,1010101010,موظف,الرياض,تسجيل دخول,,,2025-07-08 21:36:41,127.0.0.1
سارة العتيبي,2020202020,مدير,الرياض,تسجيل دخول,,,2025-07-08 21:37:17,127.0.0.1
محمد السالم,1010101010,موظف,الرياض,تسجيل دخول,,,2025-07-08 21:37:49,127.0.0.1
محمد السالم,1010101010,موظف,الرياض,تسجيل دخول,,,2025-07-08 21:38:25,127.0.0.1
علي الزهراني,3030303030,موارد بشرية,جدة,تسجيل دخول,,,2025-07-08 21:38:30,127.0.0.1
علي الزهراني,3030303030,موارد بشرية,جدة,تسجيل دخول,,,2025-07-09 15:11:12,127.0.0.1
سارة العتيبي,2020202020,مدير,الرياض,تسجيل دخول,,,2025-07-09 15:13:44,127.0.0.1
ندى القحطاني,4040404040,مشرف عام,جميع الفروع,تسجيل دخول,,,2025-07-09 15:14:58,127.0.0.1
محمد السالم,1010101010,موظف,الرياض,تسجيل دخول,,,2025-07-09 15:16:59,127.0.0.1
محمد السالم,1010101010,موظف,الرياض,تسجيل دخول,,,2025-07-14 11:59:45,127.0.0.1
ندى القحطاني,4040404040,مشرف عام,جميع الفروع,تسجيل دخول,,,2025-07-14 13:56:39,127.0.0.1
ندى القحطاني,4040404040,مشرف عام,جميع الفروع,تسجيل دخول,,,2025-07-14 14:16:30,127.0.0.1
ندى القحطاني,4040404040,مشرف عام,جميع الفروع,تسجيل دخول,,,2025-07-14 14:21:32,127.0.0.1
ندى القحطاني,4040404040,مشرف عام,جميع الفروع,تسجيل دخول,,,2025-07-14 14:32:08,127.0.0.1
ندى القحطاني,4040404040,مشرف عام,جميع الفروع,تسجيل دخول,,,2025-07-14 14:35:27,127.0.0.1
علي الزهراني,3030303030,موارد بشرية,جدة,تسجيل دخول,,,2025-07-14 15:56:07,127.0.0.1
ندى القحطاني,4040404040,مشرف عام,جميع الفروع,تسجيل دخول,,,2025-07-14 16:01:10,127.0.0.1
سارة العتيبي,2020202020,مدير,الرياض,تسجيل دخول,,,2025-07-14 16:05:11,127.0.0.1
سارة العتيبي,2020202020,مدير,الرياض,تسجيل دخول,,,2025-07-14 16:07:54,127.0.0.1
ندى القحطاني,4040404040,مشرف عام,جميع الفروع,تسجيل دخول,,,2025-07-14 16:18:39,127.0.0.1
ندى القحطاني,4040404040,مشرف عام,جميع الفروع,تسجيل دخول,,,2025-07-14 16:37:10,127.0.0.1
محمد السالم,1010101010,موظف,الرياض,تسجيل دخول,,,2025-07-14 17:03:25,127.0.0.1
سارة العتيبي,2020202020,مدير,الرياض,تسجيل دخول,,,2025-07-14 17:04:02,127.0.0.1
محمد السالم,1010101010,موظف,الرياض,تسجيل دخول,,,2025-07-14 17:05:00,127.0.0.1
محمد السالم,1010101010,موظف,الرياض,تسجيل دخول,,,2025-07-14 17:09:23,127.0.0.1
ندى القحطاني,4040404040,مشرف عام,جميع الفروع,تسجيل دخول,,,2025-07-14 17:09:30,127.0.0.1
محمد السالم,1010101010,موظف,الرياض,تسجيل دخول,,,2025-07-14 17:10:12,127.0.0.1
ندى القحطاني,4040404040,مشرف عام,جميع الفروع,تسجيل دخول,,,2025-07-14 20:04:03,127.0.0.1
سارة العتيبي,2020202020,مدير,الرياض,تسجيل دخول,,,2025-07-14 20:04:14,127.0.0.1
ندى القحطاني,4040404040,مشرف عام,جميع الفروع,تسجيل دخول,,,2025-07-14 20:52:57,127.0.0.1
سارة العتيبي,2020202020,مدير,الرياض,تسجيل دخول,,,2025-07-14 20:53:14,127.0.0.1
محمد السالم,1010101010,موظف,الرياض,تسجيل دخول,,,2025-07-14 20:55:26,127.0.0.1
سارة العتيبي,2020202020,مدير,الرياض,تسجيل دخول,,,2025-07-14 20:55:34,127.0.0.1
سارة العتيبي,2020202020,مدير,الرياض,تسجيل دخول,,,2025-07-14 20:56:04,127.0.0.1
سارة العتيبي,2020202020,مدير,الرياض,تسجيل دخول,,,2025-07-14 20:57:35,127.0.0.1
سارة العتيبي,2020202020,مدير,الرياض,تسجيل دخول,,,2025-07-14 21:30:42,127.0.0.1
علي الزهراني,3030303030,موارد بشرية,جدة,تسجيل دخول,,,2025-07-14 21:32:17,127.0.0.1
ندى القحطاني,4040404040,مشرف عام,جميع الفروع,تسجيل دخول,,,2025-07-14 21:32:51,127.0.0.1
محمد السالم,1010101010,موظف,الرياض,تسجيل دخول,,,2025-07-14 21:37:40,127.0.0.1
سارة العتيبي,2020202020,مدير,الرياض,تسجيل دخول,,,2025-07-15 01:14:04,127.0.0.1
ندى القحطاني,4040404040,مشرف عام,جميع الفروع,تسجيل دخول,,,2025-07-15 01:15:09,127.0.0.1
علي الزهراني,3030303030,موارد بشرية,جدة,تسجيل دخول,,,2025-07-15 01:16:10,127.0.0.1
ندى القحطاني,4040404040,مشرف عام,جميع الفروع,تسجيل دخول,,,2025-07-15 01:18:02,127.0.0.1
ندى القحطاني,4040404040,مشرف عام,جميع الفروع,تسجيل دخول,,,2025-07-15 01:41:48,127.0.0.1
محمد السالم,1010101010,موظف,الرياض,تسجيل دخول,,,2025-07-15 01:45:33,127.0.0.1
ندى القحطاني,4040404040,مشرف عام,جميع الفروع,تسجيل دخول,,,2025-07-15 12:21:36,127.0.0.1
سارة العتيبي,2020202020,مدير,الرياض,تسجيل دخول,,,2025-07-15 12:23:18,127.0.0.1
محمد السالم,1010101010,موظف,الرياض,تسجيل دخول,,,2025-07-15 12:52:32,127.0.0.1
سارة العتيبي,2020202020,مدير,الرياض,تسجيل دخول,,,2025-07-15 12:55:12,127.0.0.1
علي الزهراني,3030303030,موارد بشرية,جدة,تسجيل دخول,,,2025-07-15 12:55:36,127.0.0.1
محمد السالم,1010101010,موظف,الرياض,تسجيل دخول,,,2025-07-15 12:59:20,127.0.0.1
ندى القحطاني,4040404040,مشرف عام,جميع الفروع,تسجيل دخول,,,2025-07-15 13:21:20,127.0.0.1
سارة العتيبي,2020202020,مدير,الرياض,تسجيل دخول,,,2025-07-15 13:21:27,127.0.0.1
سارة العتيبي,2020202020,مدير,الرياض,تسجيل دخول,,,2025-07-15 13:21:35,127.0.0.1
ندى القحطاني,4040404040,مشرف عام,جميع الفروع,تسجيل دخول,,,2025-07-15 14:15:46,127.0.0.1
سارة العتيبي,2020202020,مدير,الرياض,تسجيل دخول,,,2025-07-15 14:30:57,127.0.0.1
سارة العتيبي,2020202020,مدير,الرياض,تسجيل دخول,,,2025-07-15 14:32:36,127.0.0.1
علي الزهراني,3030303030,موارد بشرية,جدة,تسجيل دخول,,,2025-07-15 14:33:22,127.0.0.1
علي الزهراني,3030303030,موارد بشرية,جدة,تسجيل دخول,,,2025-07-15 14:40:50,127.0.0.1
علي الزهراني,3030303030,موارد بشرية,جدة,تسجيل دخول,,,2025-07-15 18:14:32,127.0.0.1
ندى القحطاني,4040404040,مشرف عام,جميع الفروع,تسجيل دخول,,,2025-07-15 18:15:37,127.0.0.1
علي الزهراني,3030303030,موارد بشرية,جدة,تسجيل دخول,,,2025-07-15 18:16:26,127.0.0.1
سارة العتيبي,2020202020,مدير,الرياض,تسجيل دخول,,,2025-07-15 18:18:02,127.0.0.1
علي الزهراني,3030303030,موارد بشرية,جدة,تسجيل دخول,,,2025-07-15 18:18:23,127.0.0.1
ندى القحطاني,4040404040,مشرف عام,جميع الفروع,تسجيل دخول,,,2025-07-15 18:20:36,127.0.0.1
سارة العتيبي,2020202020,مدير,الرياض,تسجيل دخول,,,2025-07-15 18:23:04,127.0.0.1
علي الزهراني,3030303030,موارد بشرية,جدة,تسجيل دخول,,,2025-07-15 18:23:58,127.0.0.1
ندى القحطاني,4040404040,مشرف عام,جميع الفروع,تسجيل دخول,,,2025-07-15 18:32:54,127.0.0.1
علي الزهراني,3030303030,موارد بشرية,جدة,تسجيل دخول,,,2025-07-16 06:55:05,127.0.0.1
علي الزهراني,3030303030,موارد بشرية,جدة,تسجيل دخول,,,2025-07-16 07:07:35,127.0.0.1
ندى القحطاني,4040404040,مشرف عام,جميع الفروع,تسجيل دخول,,,2025-07-16 07:13:36,127.0.0.1
سارة العتيبي,2020202020,مدير,الرياض,تسجيل دخول,,,2025-07-16 07:18:02,127.0.0.1
عمار العامري,550505500,موظف,صامطه,تسجيل دخول,,,2025-07-17 13:31:04,127.0.0.1
علي الزهراني,3030303030,موارد بشرية,جدة,تسجيل دخول,,,2025-07-17 14:00:05,127.0.0.1
سارة العتيبي,2020202020,مدير,الرياض,تسجيل دخول,,,2025-07-17 14:13:37,127.0.0.1
علي الزهراني,3030303030,موارد بشرية,جدة,تسجيل دخول,,,2025-07-17 14:14:04,127.0.0.1
محمد السالم,1010101010,موظف,الرياض,تسجيل دخول,,,2025-07-17 14:20:52,127.0.0.1
سارة العتيبي,2020202020,مدير,الرياض,تسجيل دخول,,,2025-07-17 14:20:57,127.0.0.1
ندى القحطاني,4040404040,مشرف عام,جميع الفروع,تسجيل دخول,,,2025-07-17 14:29:57,127.0.0.1
ندى القحطاني,4040404040,مشرف عام,جميع الفروع,تسجيل دخول,,,2025-07-17 15:01:29,127.0.0.1
موظف سابع,7777777777,موظف,صامطه,تسجيل دخول,,,2025-07-17 15:17:13,127.0.0.1
ندى القحطاني,4040404040,مشرف عام,جميع الفروع,تسجيل دخول,,,2025-07-17 15:18:52,127.0.0.1
موظف سابع,7777777777,موظف,صامطه,تسجيل دخول,,,2025-07-17 15:23:08,127.0.0.1
ندى القحطاني,4040404040,مشرف عام,جميع الفروع,تسجيل دخول,,,2025-07-17 15:30:48,127.0.0.1
محمد السالم,1010101010,موظف,الرياض,تسجيل دخول,,,2025-07-17 15:31:09,127.0.0.1
سارة العتيبي,2020202020,مدير,الرياض,تسجيل دخول,,,2025-07-17 15:36:08,127.0.0.1
محمد السالم,1010101010,موظف,الرياض,تسجيل دخول,,,2025-07-17 15:36:31,127.0.0.1
سارة العتيبي,2020202020,مدير,الرياض,تسجيل دخول,,,2025-07-17 15:53:14,127.0.0.1
محمد السالم,1010101010,موظف,الرياض,تسجيل دخول,,,2025-07-17 15:53:30,127.0.0.1
سارة العتيبي,2020202020,مدير,الرياض,تسجيل دخول,,,2025-07-17 15:57:06,127.0.0.1
محمد السالم,1010101010,موظف,الرياض,تسجيل دخول,,,2025-07-17 15:57:43,127.0.0.1
سارة العتيبي,2020202020,مدير,الرياض,تسجيل دخول,,,2025-07-17 15:58:23,127.0.0.1
محمد السالم,1010101010,موظف,الرياض,تسجيل دخول,,,2025-07-17 16:02:20,127.0.0.1
ندى القحطاني,4040404040,مشرف عام,جميع الفروع,تسجيل دخول,,,2025-07-17 16:02:31,127.0.0.1
عمار العامري,550505500,موظف,صامطه,تسجيل دخول,,,2025-07-17 16:03:02,127.0.0.1
عمار العامري,550505500,موظف,صامطه,تسجيل دخول,,,2025-07-17 16:03:57,127.0.0.1
ندى القحطاني,4040404040,مشرف عام,جميع الفروع,تسجيل دخول,,,2025-07-17 16:04:28,127.0.0.1
سارة العتيبي,2020202020,مدير,الرياض,تسجيل دخول,,,2025-07-17 18:28:34,127.0.0.1
علي الزهراني,3030303030,موارد بشرية,جدة,تسجيل دخول,,,2025-07-17 18:30:32,127.0.0.1
ندى القحطاني,4040404040,مشرف عام,جميع الفروع,تسجيل دخول,,,2025-07-17 18:34:54,127.0.0.1
ندى القحطاني,4040404040,مشرف عام,جميع الفروع,تسجيل دخول,,,2025-07-17 19:16:40,127.0.0.1
سارة العتيبي,2020202020,مدير,الرياض,تسجيل دخول,,,2025-07-17 19:29:12,127.0.0.1
محمد السالم,1010101010,موظف,الرياض,تسجيل دخول,,,2025-07-17 19:37:28,127.0.0.1
سارة العتيبي,2020202020,مدير,الرياض,تسجيل دخول,,,2025-07-17 19:42:41,127.0.0.1
علي الزهراني,3030303030,موارد بشرية,جدة,تسجيل دخول,,,2025-07-17 19:45:56,127.0.0.1
سارة العتيبي,2020202020,مدير,الرياض,تسجيل دخول,,,2025-07-17 20:48:16,127.0.0.1
سارة العتيبي,2020202020,مدير,الرياض,تسجيل دخول,,,2025-07-17 20:52:53,127.0.0.1
علي الزهراني,3030303030,موارد بشرية,جدة,تسجيل دخول,,,2025-07-17 21:59:19,127.0.0.1
علي الزهراني,3030303030,موارد بشرية,جدة,تسجيل دخول,,,2025-07-17 22:02:34,127.0.0.1
علي الزهراني,3030303030,موارد بشرية,جدة,تسجيل دخول,,,2025-07-18 23:52:03,127.0.0.1
علي الزهراني,3030303030,موارد بشرية,جدة,تسجيل دخول,,,2025-07-18 23:53:43,127.0.0.1
علي الزهراني,3030303030,موارد بشرية,جدة,تسجيل دخول,,,2025-07-21 08:52:58,127.0.0.1
علي الزهراني,3030303030,موارد بشرية,جدة,تسجيل دخول,,,2025-07-21 09:53:29,127.0.0.1
علي الزهراني,3030303030,موارد بشرية,جدة,تسجيل دخول,,,2025-07-21 09:58:14,127.0.0.1
ندى القحطاني,4040404040,مشرف عام,جميع الفروع,تسجيل دخول,,,2025-07-30 20:26:20,127.0.0.1
سارة العتيبي,2020202020,مدير,الرياض,تسجيل دخول,,,2025-07-30 20:27:31,127.0.0.1
علي الزهراني,3030303030,موارد بشرية,جدة,تسجيل دخول,,,2025-07-30 20:27:58,127.0.0.1
ندى القحطاني,4040404040,مشرف عام,جميع الفروع,تسجيل دخول,,,2025-07-30 20:46:24,127.0.0.1
علي الزهراني,3030303030,موارد بشرية,جدة,تسجيل دخول,,,2025-07-30 20:46:36,127.0.0.1
ندى القحطاني,4040404040,مشرف عام,جميع الفروع,تسجيل دخول,,,2025-07-30 20:50:20,127.0.0.1
علي الزهراني,3030303030,موارد بشرية,جدة,تسجيل دخول,,,2025-07-30 20:56:46,127.0.0.1
ندى القحطاني,4040404040,مشرف عام,جميع الفروع,تسجيل دخول,,,2025-07-30 21:01:08,127.0.0.1
علي الزهراني,3030303030,موارد بشرية,جدة,تسجيل دخول,,,2025-07-30 21:01:39,127.0.0.1
ندى القحطاني,4040404040,مشرف عام,جميع الفروع,تسجيل دخول,,,2025-07-30 21:01:49,127.0.0.1
علي الزهراني,3030303030,موارد بشرية,جدة,تسجيل دخول,,,2025-07-30 21:25:57,127.0.0.1
علي الزهراني,3030303030,موارد بشرية,جدة,تسجيل دخول,,,2025-07-30 22:55:53,127.0.0.1
ندى القحطاني,4040404040,مشرف عام,جميع الفروع,تسجيل دخول,,,2025-07-30 23:00:13,127.0.0.1
علي الزهراني,3030303030,موارد بشرية,جدة,تسجيل دخول,,,2025-07-30 23:01:32,127.0.0.1
علي الزهراني,3030303030,موارد بشرية,جدة,تسجيل دخول,,,2025-07-31 08:37:00,127.0.0.1
علي الزهراني,3030303030,موارد بشرية,جدة,تسجيل دخول,,,2025-07-31 08:37:46,127.0.0.1
علي الزهراني,3030303030,موارد بشرية,جدة,تسجيل دخول,,,2025-07-31 08:41:33,127.0.0.1
ندى القحطاني,4040404040,مشرف عام,جميع الفروع,تسجيل دخول,,,2025-07-31 08:48:43,127.0.0.1
ندى القحطاني,4040404040,مشرف عام,جميع الفروع,عرض سجل الأحداث,عرض,,2025-07-31 09:22:14,127.0.0.1
ندى القحطاني,4040404040,مشرف عام,جميع الفروع,عرض سجل الأحداث,عرض,,2025-07-31 09:57:15,127.0.0.1
ندى القحطاني,4040404040,مشرف عام,جميع الفروع,عرض لوحة القيادة,عرض,,2025-07-31 09:57:19,127.0.0.1
ندى القحطاني,4040404040,مشرف عام,جميع الفروع,عرض صفحة الرسائل,رسائل,,2025-07-31 09:57:22,127.0.0.1
ندى القحطاني,4040404040,مشرف عام,جميع الفروع,إرسال رسالة,رسائل,,2025-07-31 09:57:46,127.0.0.1
ندى القحطاني,4040404040,مشرف عام,جميع الفروع,عرض صفحة الرسائل,رسائل,,2025-07-31 09:57:46,127.0.0.1
ندى القحطاني,4040404040,مشرف عام,جميع الفروع,عرض لوحة القيادة,عرض,,2025-07-31 09:57:52,127.0.0.1
ندى القحطاني,4040404040,مشرف عام,جميع الفروع,عرض سجل الأحداث,عرض,,2025-07-31 09:57:53,127.0.0.1
ندى القحطاني,4040404040,مشرف عام,جميع الفروع,عرض لوحة القيادة,عرض,,2025-07-31 09:58:01,127.0.0.1
ندى القحطاني,4040404040,مشرف عام,جميع الفروع,عرض لوحة القيادة,عرض,,2025-07-31 09:58:57,127.0.0.1
ندى القحطاني,4040404040,مشرف عام,جميع الفروع,عرض لوحة القيادة,عرض,,2025-07-31 09:59:29,127.0.0.1
علي الزهراني,3030303030,موارد بشرية,جدة,عرض إدارة الموظفين,عرض,,2025-07-31 15:16:58,127.0.0.1
علي الزهراني,3030303030,موارد بشرية,جدة,تحديث بيانات موظف,تعديل,,2025-07-31 15:17:16,127.0.0.1
علي الزهراني,3030303030,موارد بشرية,جدة,عرض إدارة الموظفين,عرض,,2025-07-31 15:17:16,127.0.0.1
علي الزهراني,3030303030,موارد بشرية,جدة,عرض لوحة القيادة,عرض,,2025-07-31 15:17:21,127.0.0.1
علي الزهراني,3030303030,موارد بشرية,جدة,تسجيل الخروج,عملية,,2025-07-31 15:17:24,127.0.0.1
سارة العتيبي,2020202020,مدير,الرياض,تسجيل دخول,,,2025-07-31 15:17:27,127.0.0.1
سارة العتيبي,2020202020,مدير,الرياض,عرض لوحة القيادة,عرض,,2025-07-31 15:17:27,127.0.0.1
سارة العتيبي,2020202020,مدير,الرياض,عرض لوحة القيادة,عرض,,2025-07-31 15:17:35,127.0.0.1
سارة العتيبي,2020202020,مدير,الرياض,تسجيل الخروج,عملية,,2025-07-31 15:17:43,127.0.0.1
سارة العتيبي,2020202020,مدير,الرياض,تسجيل دخول,,,2025-07-31 15:30:49,127.0.0.1
سارة العتيبي,2020202020,مدير,الرياض,عرض لوحة القيادة,عرض,,2025-07-31 15:30:49,127.0.0.1
سارة العتيبي,2020202020,مدير,الرياض,تسجيل الخروج,عملية,,2025-07-31 15:30:55,127.0.0.1
ندى القحطاني,4040404040,مشرف عام,جميع الفروع,تسجيل دخول,,,2025-07-31 15:30:58,127.0.0.1
ندى القحطاني,4040404040,مشرف عام,جميع الفروع,عرض لوحة القيادة,عرض,,2025-07-31 15:30:58,127.0.0.1
ندى القحطاني,4040404040,مشرف عام,جميع الفروع,حذف طلب,,<built-in function id>,2025-07-31 15:31:30,127.0.0.1
ندى القحطاني,4040404040,مشرف عام,جميع الفروع,عرض لوحة القيادة,عرض,,2025-07-31 15:31:30,127.0.0.1
ندى القحطاني,4040404040,مشرف عام,جميع الفروع,عرض إدارة الموظفين,عرض,,2025-07-31 15:32:06,127.0.0.1
ندى القحطاني,4040404040,مشرف عام,جميع الفروع,عرض لوحة القيادة,عرض,,2025-07-31 15:32:08,127.0.0.1
ندى القحطاني,4040404040,مشرف عام,جميع الفروع,تسجيل الخروج,عملية,,2025-07-31 15:32:13,127.0.0.1
سارة العتيبي,2020202020,مدير,الرياض,تسجيل دخول,,,2025-07-31 15:32:16,127.0.0.1
سارة العتيبي,2020202020,مدير,الرياض,عرض لوحة القيادة,عرض,,2025-07-31 15:32:16,127.0.0.1
سارة العتيبي,2020202020,مدير,الرياض,عرض لوحة القيادة,عرض,,2025-07-31 15:32:36,127.0.0.1
سارة العتيبي,2020202020,مدير,الرياض,تسجيل الخروج,عملية,,2025-07-31 15:36:13,127.0.0.1
ندى القحطاني,4040404040,مشرف عام,جميع الفروع,تسجيل دخول,,,2025-07-31 15:36:15,127.0.0.1
ندى القحطاني,4040404040,مشرف عام,جميع الفروع,عرض لوحة القيادة,عرض,,2025-07-31 15:36:15,127.0.0.1
ندى القحطاني,4040404040,مشرف عام,جميع الفروع,حذف طلب,,<built-in function id>,2025-07-31 15:36:26,127.0.0.1
ندى القحطاني,4040404040,مشرف عام,جميع الفروع,عرض لوحة القيادة,عرض,,2025-07-31 15:36:26,127.0.0.1
ندى القحطاني,4040404040,مشرف عام,جميع الفروع,تسجيل الخروج,عملية,,2025-07-31 15:36:28,127.0.0.1
سارة العتيبي,2020202020,مدير,الرياض,تسجيل دخول,,,2025-07-31 15:36:32,127.0.0.1
سارة العتيبي,2020202020,مدير,الرياض,عرض لوحة القيادة,عرض,,2025-07-31 15:36:32,127.0.0.1
سارة العتيبي,2020202020,مدير,الرياض,تسجيل الخروج,عملية,,2025-07-31 15:36:42,127.0.0.1
محمد السالم,1010101010,موظف,الرياض,تسجيل دخول,,,2025-07-31 15:36:47,127.0.0.1
محمد السالم,1010101010,موظف,الرياض,عرض لوحة القيادة,عرض,,2025-07-31 15:36:47,127.0.0.1
محمد السالم,1010101010,موظف,الرياض,تقديم طلب جديد,,38,2025-07-31 15:37:01,127.0.0.1
محمد السالم,1010101010,موظف,الرياض,عرض لوحة القيادة,عرض,,2025-07-31 15:37:04,127.0.0.1
محمد السالم,1010101010,موظف,الرياض,تسجيل دخول,المصادقة,,2025-07-31 15:55:02,127.0.0.1
محمد السالم,1010101010,موظف,الرياض,تسجيل دخول,المصادقة,,2025-07-31 15:55:07,127.0.0.1
علي الزهراني,3030303030,موارد بشرية,جدة,تسجيل دخول,,,2025-07-31 15:55:07,127.0.0.1
علي الزهراني,3030303030,موارد بشرية,جدة,عرض لوحة القيادة,عرض,,2025-07-31 15:55:07,127.0.0.1
علي الزهراني,3030303030,موارد بشرية,جدة,عرض لوحة القيادة,عرض,,2025-07-31 15:56:04,127.0.0.1
علي الزهراني,3030303030,موارد بشرية,جدة,تسجيل الخروج,عملية,,2025-07-31 15:56:07,127.0.0.1
سارة العتيبي,2020202020,مدير,الرياض,تسجيل دخول,,,2025-07-31 15:56:10,127.0.0.1
سارة العتيبي,2020202020,مدير,الرياض,عرض لوحة القيادة,عرض,,2025-07-31 15:56:10,127.0.0.1
سارة العتيبي,2020202020,مدير,الرياض,عرض لوحة القيادة,عرض,,2025-07-31 15:56:30,127.0.0.1
سارة العتيبي,2020202020,مدير,الرياض,عرض لوحة القيادة,عرض,,2025-07-31 16:05:04,127.0.0.1
سارة العتيبي,2020202020,مدير,الرياض,approve من المدير,أجر عمل إضافي,23,2025-07-31 16:05:08,127.0.0.1
سارة العتيبي,2020202020,مدير,الرياض,عرض لوحة القيادة,عرض,,2025-07-31 16:05:08,127.0.0.1
سارة العتيبي,2020202020,مدير,الرياض,تسجيل الخروج,عملية,,2025-07-31 16:05:30,127.0.0.1
محمد السالم,1010101010,موظف,الرياض,تسجيل دخول,,,2025-07-31 16:05:34,127.0.0.1
محمد السالم,1010101010,موظف,الرياض,عرض لوحة القيادة,عرض,,2025-07-31 16:05:34,127.0.0.1
محمد السالم,1010101010,موظف,الرياض,تقديم طلب جديد,,40,2025-07-31 16:05:42,127.0.0.1
محمد السالم,1010101010,موظف,الرياض,عرض لوحة القيادة,عرض,,2025-07-31 16:05:46,127.0.0.1
محمد السالم,1010101010,موظف,الرياض,تسجيل الخروج,عملية,,2025-07-31 16:05:50,127.0.0.1
علي الزهراني,3030303030,موارد بشرية,جدة,تسجيل دخول,,,2025-07-31 16:05:53,127.0.0.1
علي الزهراني,3030303030,موارد بشرية,جدة,عرض لوحة القيادة,عرض,,2025-07-31 16:05:53,127.0.0.1
علي الزهراني,3030303030,موارد بشرية,جدة,تسجيل الخروج,عملية,,2025-07-31 16:06:02,127.0.0.1
سارة العتيبي,2020202020,مدير,الرياض,تسجيل دخول,,,2025-07-31 16:06:04,127.0.0.1
سارة العتيبي,2020202020,مدير,الرياض,عرض لوحة القيادة,عرض,,2025-07-31 16:06:05,127.0.0.1
سارة العتيبي,2020202020,مدير,الرياض,approve من المدير,أخرى,25,2025-07-31 16:06:07,127.0.0.1
سارة العتيبي,2020202020,مدير,الرياض,عرض لوحة القيادة,عرض,,2025-07-31 16:06:07,127.0.0.1
سارة العتيبي,2020202020,مدير,الرياض,تسجيل الخروج,عملية,,2025-07-31 16:06:09,127.0.0.1
علي الزهراني,3030303030,موارد بشرية,جدة,تسجيل دخول,,,2025-07-31 16:06:12,127.0.0.1
علي الزهراني,3030303030,موارد بشرية,جدة,عرض لوحة القيادة,عرض,,2025-07-31 16:06:12,127.0.0.1
علي الزهراني,3030303030,موارد بشرية,جدة,approve من الموارد البشرية,أجر عمل إضافي,23,2025-07-31 16:06:30,127.0.0.1
علي الزهراني,3030303030,موارد بشرية,جدة,عرض لوحة القيادة,عرض,,2025-07-31 16:06:32,127.0.0.1
علي الزهراني,3030303030,موارد بشرية,جدة,reject من الموارد البشرية,خصم,24,2025-07-31 16:06:42,127.0.0.1
علي الزهراني,3030303030,موارد بشرية,جدة,عرض لوحة القيادة,عرض,,2025-07-31 16:06:44,127.0.0.1
علي الزهراني,3030303030,موارد بشرية,جدة,approve من الموارد البشرية,أخرى,25,2025-07-31 16:06:46,127.0.0.1
علي الزهراني,3030303030,موارد بشرية,جدة,عرض لوحة القيادة,عرض,,2025-07-31 16:06:48,127.0.0.1
علي الزهراني,3030303030,موارد بشرية,جدة,تسجيل الخروج,عملية,,2025-07-31 16:10:34,127.0.0.1
محمد السالم,1010101010,موظف,الرياض,تسجيل دخول,,,2025-07-31 16:10:36,127.0.0.1
محمد السالم,1010101010,موظف,الرياض,عرض لوحة القيادة,عرض,,2025-07-31 16:10:36,127.0.0.1
محمد السالم,1010101010,موظف,الرياض,تقديم طلب جديد,,41,2025-07-31 16:10:46,127.0.0.1
محمد السالم,1010101010,موظف,الرياض,عرض لوحة القيادة,عرض,,2025-07-31 16:10:48,127.0.0.1
محمد السالم,1010101010,موظف,الرياض,تسجيل الخروج,عملية,,2025-07-31 16:10:51,127.0.0.1
ندى القحطاني,4040404040,مشرف عام,جميع الفروع,تسجيل دخول,,,2025-07-31 16:10:59,127.0.0.1
ندى القحطاني,4040404040,مشرف عام,جميع الفروع,عرض لوحة القيادة,عرض,,2025-07-31 16:11:00,127.0.0.1
ندى القحطاني,4040404040,مشرف عام,جميع الفروع,موافقة المشرف العام,أجر عمل إضافي,16,2025-07-31 16:11:06,127.0.0.1
ندى القحطاني,4040404040,مشرف عام,جميع الفروع,عرض لوحة القيادة,عرض,,2025-07-31 16:11:08,127.0.0.1
ندى القحطاني,4040404040,مشرف عام,جميع الفروع,موافقة المشرف العام,أجر عمل إضافي,16,2025-07-31 16:12:10,127.0.0.1
ندى القحطاني,4040404040,مشرف عام,جميع الفروع,عرض لوحة القيادة,عرض,,2025-07-31 16:12:12,127.0.0.1
ندى القحطاني,4040404040,مشرف عام,جميع الفروع,رفض المشرف العام,أجر عمل إضافي,16,2025-07-31 16:12:17,127.0.0.1
ندى القحطاني,4040404040,مشرف عام,جميع الفروع,عرض لوحة القيادة,عرض,,2025-07-31 16:12:19,127.0.0.1
ندى القحطاني,4040404040,مشرف عام,جميع الفروع,عرض لوحة القيادة,عرض,,2025-07-31 16:12:36,127.0.0.1
ندى القحطاني,4040404040,مشرف عام,جميع الفروع,موافقة المشرف العام,أجر عمل إضافي,16,2025-07-31 16:12:39,127.0.0.1
ندى القحطاني,4040404040,مشرف عام,جميع الفروع,عرض لوحة القيادة,عرض,,2025-07-31 16:12:39,127.0.0.1
ندى القحطاني,4040404040,مشرف عام,جميع الفروع,رفض المشرف العام,أجر عمل إضافي,16,2025-07-31 16:12:43,127.0.0.1
ندى القحطاني,4040404040,مشرف عام,جميع الفروع,عرض لوحة القيادة,عرض,,2025-07-31 16:12:43,127.0.0.1
ندى القحطاني,4040404040,مشرف عام,جميع الفروع,تعديل طلب,استئذان,<built-in function id>,2025-07-31 16:12:52,127.0.0.1
ندى القحطاني,4040404040,مشرف عام,جميع الفروع,عرض لوحة القيادة,عرض,,2025-07-31 16:12:52,127.0.0.1
ندى القحطاني,4040404040,مشرف عام,جميع الفروع,موافقة المشرف العام,أجر عمل إضافي,16,2025-07-31 16:13:01,127.0.0.1
ندى القحطاني,4040404040,مشرف عام,جميع الفروع,عرض لوحة القيادة,عرض,,2025-07-31 16:13:01,127.0.0.1
ندى القحطاني,4040404040,مشرف عام,جميع الفروع,عرض لوحة القيادة,عرض,,2025-07-31 16:18:50,127.0.0.1
ندى القحطاني,4040404040,مشرف عام,جميع الفروع,موافقة المشرف العام,استئذان,41,2025-07-31 16:18:55,127.0.0.1
ندى القحطاني,4040404040,مشرف عام,جميع الفروع,عرض لوحة القيادة,عرض,,2025-07-31 16:18:57,127.0.0.1
ندى القحطاني,4040404040,مشرف عام,جميع الفروع,عرض لوحة الموظف,عرض,,2025-07-31 16:19:34,127.0.0.1
ندى القحطاني,4040404040,مشرف عام,جميع الفروع,تقديم طلب جديد,,42,2025-07-31 16:19:43,127.0.0.1
ندى القحطاني,4040404040,مشرف عام,جميع الفروع,عرض لوحة القيادة,عرض,,2025-07-31 16:19:45,127.0.0.1
ندى القحطاني,4040404040,مشرف عام,جميع الفروع,رفض المشرف العام,أجر عمل إضافي,42,2025-07-31 16:19:50,127.0.0.1
ندى القحطاني,4040404040,مشرف عام,جميع الفروع,عرض لوحة القيادة,عرض,,2025-07-31 16:19:52,127.0.0.1
ندى القحطاني,4040404040,مشرف عام,جميع الفروع,حذف طلب,,<built-in function id>,2025-07-31 16:20:52,127.0.0.1
ندى القحطاني,4040404040,مشرف عام,جميع الفروع,عرض لوحة القيادة,عرض,,2025-07-31 16:20:52,127.0.0.1
ندى القحطاني,4040404040,مشرف عام,جميع الفروع,حذف طلب,,<built-in function id>,2025-07-31 16:21:06,127.0.0.1
ندى القحطاني,4040404040,مشرف عام,جميع الفروع,عرض لوحة القيادة,عرض,,2025-07-31 16:21:07,127.0.0.1
ندى القحطاني,4040404040,مشرف عام,جميع الفروع,حذف طلب,,<built-in function id>,2025-07-31 16:21:13,127.0.0.1
ندى القحطاني,4040404040,مشرف عام,جميع الفروع,عرض لوحة القيادة,عرض,,2025-07-31 16:21:13,127.0.0.1
ندى القحطاني,4040404040,مشرف عام,جميع الفروع,حذف طلب,,<built-in function id>,2025-07-31 16:21:19,127.0.0.1
ندى القحطاني,4040404040,مشرف عام,جميع الفروع,عرض لوحة القيادة,عرض,,2025-07-31 16:21:19,127.0.0.1
ندى القحطاني,4040404040,مشرف عام,جميع الفروع,حذف طلب,,<built-in function id>,2025-07-31 16:21:28,127.0.0.1
ندى القحطاني,4040404040,مشرف عام,جميع الفروع,عرض لوحة القيادة,عرض,,2025-07-31 16:21:28,127.0.0.1
ندى القحطاني,4040404040,مشرف عام,جميع الفروع,حذف طلب,,<built-in function id>,2025-07-31 16:21:36,127.0.0.1
ندى القحطاني,4040404040,مشرف عام,جميع الفروع,عرض لوحة القيادة,عرض,,2025-07-31 16:21:36,127.0.0.1
ندى القحطاني,4040404040,مشرف عام,جميع الفروع,حذف طلب,,<built-in function id>,2025-07-31 16:21:41,127.0.0.1
ندى القحطاني,4040404040,مشرف عام,جميع الفروع,عرض لوحة القيادة,عرض,,2025-07-31 16:21:41,127.0.0.1
ندى القحطاني,4040404040,مشرف عام,جميع الفروع,تسجيل الخروج,عملية,,2025-07-31 16:30:51,127.0.0.1
سارة العتيبي,2020202020,مدير,الرياض,تسجيل دخول,,,2025-07-31 16:30:55,127.0.0.1
سارة العتيبي,2020202020,مدير,الرياض,عرض لوحة القيادة,عرض,,2025-07-31 16:30:55,127.0.0.1
سارة العتيبي,2020202020,مدير,الرياض,عرض لوحة القيادة,عرض,,2025-07-31 16:31:10,127.0.0.1
سارة العتيبي,2020202020,مدير,الرياض,تسجيل الخروج,عملية,,2025-07-31 16:31:19,127.0.0.1
محمد السالم,1010101010,موظف,الرياض,تسجيل دخول,,,2025-07-31 16:31:21,127.0.0.1
محمد السالم,1010101010,موظف,الرياض,عرض لوحة القيادة,عرض,,2025-07-31 16:31:21,127.0.0.1
محمد السالم,1010101010,موظف,الرياض,تقديم طلب جديد,,43,2025-07-31 16:31:27,127.0.0.1
محمد السالم,1010101010,موظف,الرياض,عرض لوحة القيادة,عرض,,2025-07-31 16:31:32,127.0.0.1
محمد السالم,1010101010,موظف,الرياض,تسجيل الخروج,عملية,,2025-07-31 16:31:33,127.0.0.1
سارة العتيبي,2020202020,مدير,الرياض,تسجيل دخول,,,2025-07-31 16:31:36,127.0.0.1
سارة العتيبي,2020202020,مدير,الرياض,عرض لوحة القيادة,عرض,,2025-07-31 16:31:36,127.0.0.1
سارة العتيبي,2020202020,مدير,الرياض,approve من المدير,أخرى,22,2025-07-31 16:31:53,127.0.0.1
سارة العتيبي,2020202020,مدير,الرياض,عرض لوحة القيادة,عرض,,2025-07-31 16:31:55,127.0.0.1
سارة العتيبي,2020202020,مدير,الرياض,عرض إدارة الموظفين,عرض,,2025-07-31 16:35:35,127.0.0.1
سارة العتيبي,2020202020,مدير,الرياض,عرض لوحة القيادة,عرض,,2025-07-31 16:35:38,127.0.0.1
سارة العتيبي,2020202020,مدير,الرياض,تسجيل الخروج,عملية,,2025-07-31 16:35:41,127.0.0.1
ندى القحطاني,4040404040,مشرف عام,جميع الفروع,تسجيل دخول,,,2025-07-31 16:35:44,127.0.0.1
ندى القحطاني,4040404040,مشرف عام,جميع الفروع,عرض لوحة القيادة,عرض,,2025-07-31 16:35:44,127.0.0.1
ندى القحطاني,4040404040,مشرف عام,جميع الفروع,عرض إدارة الموظفين,عرض,,2025-07-31 16:35:45,127.0.0.1
ندى القحطاني,4040404040,مشرف عام,جميع الفروع,تحديث بيانات موظف,تعديل,,2025-07-31 16:36:03,127.0.0.1
ندى القحطاني,4040404040,مشرف عام,جميع الفروع,عرض إدارة الموظفين,عرض,,2025-07-31 16:36:03,127.0.0.1
ندى القحطاني,4040404040,مشرف عام,جميع الفروع,عرض لوحة القيادة,عرض,,2025-07-31 16:40:41,127.0.0.1
ندى القحطاني,4040404040,مشرف عام,جميع الفروع,رفض المشرف العام,أخرى,43,2025-07-31 16:40:49,127.0.0.1
ندى القحطاني,4040404040,مشرف عام,جميع الفروع,عرض لوحة القيادة,عرض,,2025-07-31 16:40:51,127.0.0.1
ندى القحطاني,4040404040,مشرف عام,جميع الفروع,عرض صفحة الرسائل,رسائل,,2025-07-31 16:40:54,127.0.0.1
ندى القحطاني,4040404040,مشرف عام,جميع الفروع,إرسال رسالة,رسائل,,2025-07-31 16:41:07,127.0.0.1
ندى القحطاني,4040404040,مشرف عام,جميع الفروع,عرض صفحة الرسائل,رسائل,,2025-07-31 16:41:09,127.0.0.1
ندى القحطاني,4040404040,مشرف عام,جميع الفروع,عرض لوحة القيادة,عرض,,2025-07-31 16:41:13,127.0.0.1
ندى القحطاني,4040404040,مشرف عام,جميع الفروع,تسجيل الخروج,عملية,,2025-07-31 16:41:17,127.0.0.1
محمد السالم,1010101010,موظف,الرياض,تسجيل دخول,,,2025-07-31 16:41:28,127.0.0.1
محمد السالم,1010101010,موظف,الرياض,عرض لوحة القيادة,عرض,,2025-07-31 16:41:28,127.0.0.1
محمد السالم,1010101010,موظف,الرياض,عرض صفحة الرسائل,رسائل,,2025-07-31 16:41:35,127.0.0.1
محمد السالم,1010101010,موظف,الرياض,إرسال رسالة,رسائل,,2025-07-31 16:41:52,127.0.0.1
محمد السالم,1010101010,موظف,الرياض,عرض صفحة الرسائل,رسائل,,2025-07-31 16:41:54,127.0.0.1
محمد السالم,1010101010,موظف,الرياض,عرض لوحة القيادة,عرض,,2025-07-31 16:41:57,127.0.0.1
محمد السالم,1010101010,موظف,الرياض,عرض صفحة الرسائل,رسائل,,2025-07-31 16:41:59,127.0.0.1
محمد السالم,1010101010,موظف,الرياض,عرض لوحة القيادة,عرض,,2025-07-31 16:42:23,127.0.0.1
محمد السالم,1010101010,موظف,الرياض,تسجيل الخروج,عملية,,2025-07-31 16:50:07,127.0.0.1
علي الزهراني,3030303030,موارد بشرية,جدة,تسجيل دخول,,,2025-07-31 16:50:11,127.0.0.1
علي الزهراني,3030303030,موارد بشرية,جدة,عرض لوحة القيادة,عرض,,2025-07-31 16:50:11,127.0.0.1
علي الزهراني,3030303030,موارد بشرية,جدة,عرض إدارة الموظفين,عرض,,2025-07-31 16:50:14,127.0.0.1
علي الزهراني,3030303030,موارد بشرية,جدة,تحديث بيانات موظف,تعديل,,2025-07-31 16:50:40,127.0.0.1
علي الزهراني,3030303030,موارد بشرية,جدة,عرض إدارة الموظفين,عرض,,2025-07-31 16:50:40,127.0.0.1
علي الزهراني,3030303030,موارد بشرية,جدة,عرض لوحة القيادة,عرض,,2025-07-31 16:50:43,127.0.0.1
علي الزهراني,3030303030,موارد بشرية,جدة,تسجيل الخروج,عملية,,2025-07-31 16:50:46,127.0.0.1
محمد السالم,1010101010,موظف,الرياض,تسجيل دخول,,,2025-07-31 16:51:39,127.0.0.1
محمد السالم,1010101010,موظف,الرياض,عرض لوحة القيادة,عرض,,2025-07-31 16:51:39,127.0.0.1
محمد السالم,1010101010,موظف,الرياض,تقديم طلب جديد,,44,2025-07-31 16:51:46,127.0.0.1
محمد السالم,1010101010,موظف,الرياض,عرض لوحة القيادة,عرض,,2025-07-31 16:51:53,127.0.0.1
محمد السالم,1010101010,موظف,الرياض,تسجيل الخروج,عملية,,2025-07-31 16:55:46,127.0.0.1
سارة العتيبي,2020202020,مدير,الرياض,تسجيل دخول,,,2025-07-31 16:55:52,127.0.0.1
سارة العتيبي,2020202020,مدير,الرياض,عرض لوحة القيادة,عرض,,2025-07-31 16:55:52,127.0.0.1
سارة العتيبي,2020202020,مدير,الرياض,approve من المدير,أخرى,23,2025-07-31 16:55:56,127.0.0.1
سارة العتيبي,2020202020,مدير,الرياض,عرض لوحة القيادة,عرض,,2025-07-31 16:56:05,127.0.0.1
سارة العتيبي,2020202020,مدير,الرياض,تسجيل الخروج,عملية,,2025-07-31 17:08:51,127.0.0.1
محمد السالم,1010101010,موظف,الرياض,تسجيل دخول,,,2025-07-31 17:08:53,127.0.0.1
محمد السالم,1010101010,موظف,الرياض,عرض لوحة القيادة,عرض,,2025-07-31 17:08:53,127.0.0.1
محمد السالم,1010101010,موظف,الرياض,تقديم طلب جديد,,45,2025-07-31 17:08:59,127.0.0.1
محمد السالم,1010101010,موظف,الرياض,عرض لوحة القيادة,عرض,,2025-07-31 17:09:03,127.0.0.1
محمد السالم,1010101010,موظف,الرياض,تسجيل الخروج,عملية,,2025-07-31 17:09:07,127.0.0.1
سارة العتيبي,2020202020,مدير,الرياض,تسجيل دخول,,,2025-07-31 17:09:11,127.0.0.1
سارة العتيبي,2020202020,مدير,الرياض,عرض لوحة القيادة,عرض,,2025-07-31 17:09:11,127.0.0.1
سارة العتيبي,2020202020,مدير,الرياض,approve من المدير,أخرى,24,2025-07-31 17:09:13,127.0.0.1
سارة العتيبي,2020202020,مدير,الرياض,عرض لوحة القيادة,عرض,,2025-07-31 17:09:19,127.0.0.1
سارة العتيبي,2020202020,مدير,الرياض,عرض لوحة القيادة,عرض,,2025-07-31 17:10:52,127.0.0.1
سارة العتيبي,2020202020,مدير,الرياض,تسجيل الخروج,عملية,,2025-07-31 17:10:54,127.0.0.1
محمد السالم,1010101010,موظف,الرياض,تسجيل دخول,,,2025-07-31 17:10:56,127.0.0.1
محمد السالم,1010101010,موظف,الرياض,عرض لوحة القيادة,عرض,,2025-07-31 17:10:56,127.0.0.1
محمد السالم,1010101010,موظف,الرياض,تقديم طلب جديد,,46,2025-07-31 17:11:09,127.0.0.1
محمد السالم,1010101010,موظف,الرياض,عرض لوحة القيادة,عرض,,2025-07-31 17:11:14,127.0.0.1
محمد السالم,1010101010,موظف,الرياض,تسجيل الخروج,عملية,,2025-07-31 17:30:47,127.0.0.1
محمد السالم,1010101010,موظف,الرياض,تسجيل دخول,,,2025-07-31 17:32:42,127.0.0.1
محمد السالم,1010101010,موظف,الرياض,عرض لوحة القيادة,عرض,,2025-07-31 17:32:42,127.0.0.1
محمد السالم,1010101010,موظف,الرياض,تسجيل دخول,المصادقة,,2025-07-31 17:35:08,127.0.0.1
محمد السالم,1010101010,موظف,الرياض,تسجيل دخول,,,2025-07-31 17:35:08,127.0.0.1
محمد السالم,1010101010,موظف,الرياض,عرض لوحة القيادة,عرض,,2025-07-31 17:35:08,127.0.0.1
محمد السالم,1010101010,موظف,الرياض,تسجيل دخول,المصادقة,,2025-07-31 17:35:17,127.0.0.1
محمد السالم,1010101010,موظف,الرياض,تسجيل دخول,المصادقة,,2025-07-31 17:35:18,127.0.0.1
محمد السالم,1010101010,موظف,الرياض,تسجيل دخول,المصادقة,,2025-07-31 17:35:44,127.0.0.1
ندى القحطاني,4040404040,مشرف عام,جميع الفروع,تسجيل دخول,,,2025-07-31 17:35:44,127.0.0.1
ندى القحطاني,4040404040,مشرف عام,جميع الفروع,عرض لوحة القيادة,عرض,,2025-07-31 17:35:44,127.0.0.1
ندى القحطاني,4040404040,مشرف عام,جميع الفروع,عرض التقييمات,عرض,,2025-07-31 18:09:50,127.0.0.1
ندى القحطاني,4040404040,مشرف عام,جميع الفروع,مزامنة التقييمات,مزامنة,,2025-07-31 18:10:05,127.0.0.1
ندى القحطاني,4040404040,مشرف عام,جميع الفروع,عرض التقييمات,عرض,,2025-07-31 18:10:05,127.0.0.1
ندى القحطاني,4040404040,مشرف عام,جميع الفروع,عرض لوحة القيادة,عرض,,2025-07-31 18:10:50,127.0.0.1
ندى القحطاني,4040404040,مشرف عام,جميع الفروع,عرض سجل الأحداث,عرض,,2025-07-31 18:10:54,127.0.0.1
ندى القحطاني,4040404040,مشرف عام,جميع الفروع,عرض لوحة القيادة,عرض,,2025-07-31 18:11:17,127.0.0.1
ندى القحطاني,4040404040,مشرف عام,جميع الفروع,تسجيل الخروج,عملية,,2025-07-31 18:11:18,127.0.0.1
سارة العتيبي,2020202020,مدير,الرياض,تسجيل دخول,,,2025-07-31 18:11:22,127.0.0.1
سارة العتيبي,2020202020,مدير,الرياض,عرض لوحة القيادة,عرض,,2025-07-31 18:11:22,127.0.0.1
سارة العتيبي,2020202020,مدير,الرياض,عرض التقييمات,عرض,,2025-07-31 18:11:24,127.0.0.1
سارة العتيبي,2020202020,مدير,الرياض,حفظ تقييم,تقييم,,2025-07-31 18:12:00,127.0.0.1
سارة العتيبي,2020202020,مدير,الرياض,عرض التقييمات,عرض,,2025-07-31 18:12:00,127.0.0.1
سارة العتيبي,2020202020,مدير,الرياض,عرض لوحة القيادة,عرض,,2025-07-31 18:12:03,127.0.0.1
سارة العتيبي,2020202020,مدير,الرياض,تسجيل الخروج,عملية,,2025-07-31 18:12:08,127.0.0.1
ندى القحطاني,4040404040,مشرف عام,جميع الفروع,تسجيل دخول,,,2025-07-31 18:23:39,127.0.0.1
ندى القحطاني,4040404040,مشرف عام,جميع الفروع,عرض لوحة القيادة,عرض,,2025-07-31 18:23:39,127.0.0.1
2025-07-31 18:23:46,4040404040,مشرف عام,127.0.0.1,عرض ملف الموظف الكامل,عرض,/full_employee_info,,
2025-07-31 18:23:50,4040404040,مشرف عام,127.0.0.1,عرض ملف الموظف الكامل,عرض,/full_employee_info,,
ندى القحطاني,4040404040,مشرف عام,جميع الفروع,عرض لوحة القيادة,عرض,,2025-07-31 18:39:58,127.0.0.1
2025-07-31 18:40:02,4040404040,مشرف عام,127.0.0.1,عرض ملف الموظف الكامل,عرض,/full_employee_info,,
2025-07-31 18:41:50,4040404040,مشرف عام,127.0.0.1,عرض ملف الموظف الكامل,عرض,/full_employee_info,,
ندى القحطاني,4040404040,مشرف عام,جميع الفروع,عرض لوحة القيادة,عرض,,2025-07-31 18:41:54,127.0.0.1
2025-07-31 18:42:00,4040404040,مشرف عام,127.0.0.1,عرض ملف الموظف الكامل,عرض,/full_employee_info,,
ندى القحطاني,4040404040,مشرف عام,جميع الفروع,عرض لوحة القيادة,عرض,,2025-07-31 18:42:37,127.0.0.1
2025-07-31 18:42:41,4040404040,مشرف عام,127.0.0.1,عرض ملف الموظف الكامل,عرض,/full_employee_info,,
ندى القحطاني,4040404040,مشرف عام,جميع الفروع,عرض لوحة القيادة,عرض,,2025-07-31 18:43:30,127.0.0.1
2025-07-31 18:43:34,4040404040,مشرف عام,127.0.0.1,عرض ملف الموظف الكامل,عرض,/full_employee_info,,
2025-07-31 18:43:38,4040404040,مشرف عام,127.0.0.1,عرض ملف الموظف الكامل,عرض,/full_employee_info,,
ندى القحطاني,4040404040,مشرف عام,جميع الفروع,عرض لوحة القيادة,عرض,,2025-07-31 18:46:08,127.0.0.1
2025-07-31 18:46:11,4040404040,مشرف عام,127.0.0.1,عرض ملف الموظف الكامل,عرض,/full_employee_info,,
2025-07-31 18:46:14,4040404040,مشرف عام,127.0.0.1,عرض ملف الموظف الكامل,عرض,/full_employee_info,,
2025-07-31 18:46:17,4040404040,مشرف عام,127.0.0.1,عرض ملف الموظف الكامل,عرض,/full_employee_info,,
ندى القحطاني,4040404040,مشرف عام,جميع الفروع,تسجيل دخول,,,2025-08-01 14:03:06,127.0.0.1
ندى القحطاني,4040404040,مشرف عام,جميع الفروع,عرض لوحة القيادة,عرض,,2025-08-01 14:03:06,127.0.0.1
ندى القحطاني,4040404040,مشرف عام,جميع الفروع,تسجيل الخروج,عملية,,2025-08-01 14:03:12,127.0.0.1
علي الزهراني,3030303030,موارد بشرية,جدة,تسجيل دخول,,,2025-08-01 14:03:16,127.0.0.1
علي الزهراني,3030303030,موارد بشرية,جدة,عرض لوحة القيادة,عرض,,2025-08-01 14:03:16,127.0.0.1
علي الزهراني,3030303030,موارد بشرية,جدة,عرض مهام الموارد البشرية,عرض,,2025-08-01 14:03:21,127.0.0.1
علي الزهراني,3030303030,موارد بشرية,جدة,إنهاء مهمة,,1,2025-08-01 14:03:24,127.0.0.1
علي الزهراني,3030303030,موارد بشرية,جدة,عرض مهام الموارد البشرية,عرض,,2025-08-01 14:03:25,127.0.0.1
علي الزهراني,3030303030,موارد بشرية,جدة,إنهاء مهمة,,1,2025-08-01 14:03:26,127.0.0.1
علي الزهراني,3030303030,موارد بشرية,جدة,عرض مهام الموارد البشرية,عرض,,2025-08-01 14:03:26,127.0.0.1
علي الزهراني,3030303030,موارد بشرية,جدة,إضافة مهمة جديدة,,2,2025-08-01 14:03:51,127.0.0.1
علي الزهراني,3030303030,موارد بشرية,جدة,عرض مهام الموارد البشرية,عرض,,2025-08-01 14:03:51,127.0.0.1
علي الزهراني,3030303030,موارد بشرية,جدة,إنهاء مهمة,,2,2025-08-01 14:03:54,127.0.0.1
علي الزهراني,3030303030,موارد بشرية,جدة,عرض مهام الموارد البشرية,عرض,,2025-08-01 14:03:54,127.0.0.1
علي الزهراني,3030303030,موارد بشرية,جدة,عرض مهام الموارد البشرية,عرض,,2025-08-01 14:06:13,127.0.0.1
علي الزهراني,3030303030,موارد بشرية,جدة,عرض مهام الموارد البشرية,عرض,,2025-08-01 14:09:42,127.0.0.1
علي الزهراني,3030303030,موارد بشرية,جدة,إنهاء مهمة,,1,2025-08-01 14:10:25,127.0.0.1
علي الزهراني,3030303030,موارد بشرية,جدة,عرض مهام الموارد البشرية,عرض,,2025-08-01 14:10:25,127.0.0.1
علي الزهراني,3030303030,موارد بشرية,جدة,عرض مهام الموارد البشرية,عرض,,2025-08-01 14:11:28,127.0.0.1
علي الزهراني,3030303030,موارد بشرية,جدة,عرض لوحة القيادة,عرض,,2025-08-01 14:11:39,127.0.0.1
علي الزهراني,3030303030,موارد بشرية,جدة,عرض حالة الموظفين,عرض,,2025-08-01 14:11:46,127.0.0.1
علي الزهراني,3030303030,موارد بشرية,جدة,عرض حالة الموظفين,عرض,,2025-08-01 14:14:06,127.0.0.1
علي الزهراني,3030303030,موارد بشرية,جدة,عرض حالة الموظفين,عرض,,2025-08-01 14:17:11,127.0.0.1
علي الزهراني,3030303030,موارد بشرية,جدة,عرض لوحة الموارد البشرية,عرض,,2025-08-01 14:23:33,127.0.0.1
علي الزهراني,3030303030,موارد بشرية,جدة,تسجيل الخروج,عملية,,2025-08-01 14:23:35,127.0.0.1
ندى القحطاني,4040404040,مشرف عام,جميع الفروع,تسجيل دخول,,,2025-08-01 14:23:38,127.0.0.1
ندى القحطاني,4040404040,مشرف عام,جميع الفروع,عرض لوحة القيادة,عرض,,2025-08-01 14:23:38,127.0.0.1
ندى القحطاني,4040404040,مشرف عام,جميع الفروع,عرض لوحة القيادة,عرض,,2025-08-01 14:24:57,127.0.0.1
ندى القحطاني,4040404040,مشرف عام,جميع الفروع,عرض لوحة القيادة,عرض,,2025-08-01 14:25:50,127.0.0.1
ندى القحطاني,4040404040,مشرف عام,جميع الفروع,عرض لوحة القيادة,عرض,,2025-08-01 14:26:09,127.0.0.1
ندى القحطاني,4040404040,مشرف عام,جميع الفروع,عرض لوحة القيادة,عرض,,2025-08-01 14:29:51,127.0.0.1
2025-08-01 14:31:41,4040404040,مشرف عام,127.0.0.1,إدارة ملفات Excel,إدارة,/manage_excels,,
ندى القحطاني,4040404040,مشرف عام,جميع الفروع,عرض لوحة القيادة,عرض,,2025-08-01 14:31:51,127.0.0.1
2025-08-01 14:31:52,4040404040,مشرف عام,127.0.0.1,إدارة ملفات Excel,إدارة,/manage_excels,,
2025-08-01 14:32:03,4040404040,مشرف عام,127.0.0.1,إدارة ملفات Excel,إدارة,/manage_excels,,
ندى القحطاني,4040404040,مشرف عام,جميع الفروع,عرض لوحة القيادة,عرض,,2025-08-01 14:33:32,127.0.0.1
2025-08-01 14:33:33,4040404040,مشرف عام,127.0.0.1,إدارة ملفات Excel,إدارة,/manage_excels,,
2025-08-01 14:34:42,4040404040,مشرف عام,127.0.0.1,إدارة ملفات Excel,إدارة,/manage_excels,,
2025-08-01 14:34:42,4040404040,مشرف عام,127.0.0.1,إدارة ملفات Excel,إدارة,/manage_excels,,
ندى القحطاني,4040404040,مشرف عام,جميع الفروع,عرض لوحة القيادة,عرض,,2025-08-01 14:34:47,127.0.0.1
ندى القحطاني,4040404040,مشرف عام,جميع الفروع,عرض مهام الموارد البشرية,عرض,,2025-08-01 14:34:48,127.0.0.1
ندى القحطاني,4040404040,مشرف عام,جميع الفروع,عرض لوحة القيادة,عرض,,2025-08-01 14:34:54,127.0.0.1
2025-08-01 14:34:59,4040404040,مشرف عام,127.0.0.1,إدارة ملفات Excel,إدارة,/manage_excels
2025-08-01 14:38:31,4040404040,مشرف عام,127.0.0.1,إدارة ملفات Excel,إدارة,/manage_excels
2025-08-01 14:38:33,4040404040,مشرف عام,127.0.0.1,إدارة ملفات Excel,إدارة,/manage_excels
2025-08-01 14:39:37,4040404040,مشرف عام,127.0.0.1,إدارة ملفات Excel,إدارة,/manage_excels
2025-08-01 14:42:51,4040404040,مشرف عام,127.0.0.1,إدارة ملفات Excel,إدارة,/manage_excels
2025-08-01 14:42:53,4040404040,مشرف عام,127.0.0.1,إدارة ملفات Excel,إدارة,/manage_excels
2025-08-01 14:43:44,4040404040,مشرف عام,127.0.0.1,إدارة ملفات Excel,إدارة,/manage_excels
2025-08-01 14:43:44,4040404040,مشرف عام,127.0.0.1,إدارة ملفات Excel,إدارة,/manage_excels
